color,from,l,a,b
艾绿,中国色名综览_凑幸卫,76.5315010259589,-7.7516893122167,-1.7837829931921
艾绿,中国传统色彩图鉴_鸿洋,65.515,-29.182,16.649
艾绿,中国美色_中国国家地理,77.121,-18.246,3.374
艾绿,古色之美_青简,78.486,-5.743,4.578
艾绿,中国颜色_黄仁达,60.662,-2.534,43.458
艾绿,色谱_perchouli,83.487,-5.947,6.866
艾绿,国标,56.5,-28.8,14.8
宝蓝,中国色名综览_凑幸卫,61.6513035635783,-0.306603779992753,-32.3417040098931
宝蓝,钧瓷色彩的特征与分类体系研究_王庆斌,28.5770858860649,11.3681057301025,-29.3665920526181
宝蓝,DIC中国传统色,30.28,30.656,-52.206
宝蓝,乾隆色谱_刘剑,23,1,-17
宝蓝,色谱_perchouli,52.868,-9.681,-34.505
宝蓝,国标,42.6,-18.5,-27.3
碧绿,中国传统色彩图鉴_鸿洋,65.651,-33.628,10.658
碧绿,古色之美_青简,43.206,-34.483,-15.81
碧绿,中国颜色_黄仁达,55.067,-50.224,-3.446
碧绿,国标,66,-41.6,5.5
苍黄,中国色名综览_凑幸卫,54.1557312054077,1.58757825526534,18.2777120876989
苍黄,中国传统色彩图鉴_鸿洋,60.25,0.687,12.098
苍黄,故宫里的色彩美学_郭浩,65.857,-5.03,66.057
苍黄,DIC中国传统色,60.655,15.051,37.607
苍黄,色谱_perchouli,43.864,5.65,31.902
苍绿,中国色名综览_凑幸卫,46.5407126889641,-6.98929492954275,-3.52190917191843
苍绿,中国美色_中国国家地理,37.723,-7.194,10.1
苍绿,DIC中国传统色,42.834,-9.354,13.264
苍绿,色谱_perchouli,23.841,-12.876,1.597
苍色,中国传统色彩图鉴_鸿洋,52.754,-4.323,-5.09
苍色,中国美色_中国国家地理,52.808,-4.176,-5.816
苍色,古色之美_青简,26.612,-16.525,-14.691
苍色,中国颜色_黄仁达,54.329,-24.42,8.254
藏蓝,中国传统色彩图鉴_鸿洋,26.399,18.959,-33.231
藏蓝,中国美色_中国国家地理,26.199,7.669,-24.222
藏蓝,钧瓷色彩的特征与分类体系研究_王庆斌,55.273898328243,-17.5746554839412,-2.40937274724735
藏蓝,DIC中国传统色,29.85,10.109,-24.922
藏蓝,国标,29.2,-9,-15.8
草黄,中国色名综览_凑幸卫,73.3329278790708,-4.12166695028226,48.9222612952032
草黄,染色样本纳夫妥类_何进丰,63,5,42
草黄,DIC中国传统色,80.76,-11.309,57.557
草黄,色谱_perchouli,73.887,-2.55,67.6
草绿,中国色名综览_凑幸卫,41.1730516553592,-21.5600428937696,16.6847408568854
草绿,中国传统色彩图鉴_鸿洋,64.616,-35.889,34.922
草绿,人造丝绸缎色谱_何进丰,55,10,25
草绿,中国颜色_黄仁达,58.823,-29.772,37.393
草绿,国标,55.5,-23.7,26
茶褐,中国色名综览_凑幸卫,43.9443112879658,9.33285254081073,12.2676500011279
茶褐,染作江南春水色_金成熺,55.44,29.48,21.97
茶褐,色谱_perchouli,28.838,10.761,22.725
茶褐,国标,40.6,5.6,25.3
茶绿,涤棉色谱_何进丰,56,-13,30
茶绿,涤棉色谱_何进丰,52,-12,30
茶绿,DIC中国传统色,43.185,-5.076,9.635
茶绿,国标,41.2,-2.8,10.3
茶色,中国美色_中国国家地理,45.874,31.911,23.37
茶色,古色之美_青简,50.685,23.158,18.225
茶色,中国颜色_黄仁达,34.604,33.199,25.002
茶色,故宫里的色彩美学_郭浩,50.546,2.156,19.672
葱根绿,中国色名综览_凑幸卫,64.0630022843051,-34.2539290245291,8.08536333183984
葱根绿,中国传统色彩图鉴_鸿洋,70.018,-27.739,48.299
葱根绿,古色之美_青简,52.348,-50.354,10.877
葱根绿,中国颜色_黄仁达,71.635,-19.867,30.061
葱根绿,DIC中国传统色,75.783,-25.598,42.392
葱根绿,国标,65.5,-24.4,36.3
大红,中国颜色_黄仁达,47,68.006,47.976
大红,染作江南春水色_金成熺,59.19,40.14,12.21
大红,乾隆色谱_刘剑,42,44,31
大红,色谱_perchouli,55.765,61.402,57.007
大红,国标,44.2,54.8,35.8
玳瑁黄,中国色名综览_凑幸卫,71.5970386965244,14.5873695457786,15.7854040598898
玳瑁黄,人造丝绸缎色谱_何进丰,64,18,27
玳瑁黄,中国颜色_黄仁达,35.169,23.534,13.557
玳瑁黄,色谱_perchouli,71.007,11.867,45.591
黛色,中国传统色彩图鉴_鸿洋,39.36,-1.862,-9.135
黛色,中国美色_中国国家地理,24.61,-4.199,-6.116
黛色,古色之美_青简,17.076,5.392,-7.181
黛色,中国颜色_黄仁达,34.097,-7.684,-2.846
蛋青,中国色名综览_凑幸卫,91.0817255723428,1.71245349678694,-11.800732095063
蛋青,中国传统色彩图鉴_鸿洋,87.358,-4.518,-1.63
蛋青,绞丝染色基本色谱_何进丰,46,-35,-21
蛋青,染作江南春水色_金成熺,58.11,-9.79,-12.57
蛋青,DIC中国传统色,89.939,-4.914,1.049
蛋青,国标,89.3,-8.4,-3.9
靛蓝,中国传统色彩图鉴_鸿洋,32.355,-4.284,-23.342
靛蓝,钧瓷色彩的特征与分类体系研究_王庆斌,18.1787136048465,16.2749252151176,-31.6904866615331
靛蓝,DIC中国传统色,28.625,5.246,-15.963
靛蓝,国标,35.8,0.8,-38.8
靛青,中国色名综览_凑幸卫,41.1582044048852,7.07066274560816,-42.0962502871846
靛青,中国美色_中国国家地理,45.468,-10.502,-31.723
靛青,钧瓷色彩的特征与分类体系研究_王庆斌,36.3135277833671,9.7905992146311,-49.7465282923901
靛青,色谱_perchouli,40.668,6.248,-45.703
丁香紫,中国美色_中国国家地理,67.713,16.381,-17.785
丁香紫,钧瓷色彩的特征与分类体系研究_王庆斌,74.9987868303004,-66.9959239535945,22.6361515640029
丁香紫,DIC中国传统色,39.912,12.265,-12.189
丁香紫,国标,70.9,12.1,-17.8
豆绿,中国色名综览_凑幸卫,61.6616477843256,-51.7500154630867,45.3655196211068
豆绿,绞丝染色基本色谱_何进丰,47,-12,18
豆绿,古色之美_青简,72.591,-24.302,50.354
豆绿,染作江南春水色_金成熺,69.22,-14.49,7.85
豆绿,中国颜色_黄仁达,69.917,-24.071,49.877
豆绿,敦煌彩绘文物数字化保护色卡制作方法研究_梁金星,68.5,-10.2,10.24
豆青,中国美色_中国国家地理,70.357,-26.392,44.089
豆青,钧瓷色彩的特征与分类体系研究_王庆斌,48.2986379680183,11.9676979931693,27.2288966180807
豆青,敦煌彩绘文物数字化保护色卡制作方法研究_梁金星,54.23,-5.94,5.5
豆青,国标,85.8,-9.4,-7.5
豆沙,中国传统色彩图鉴_鸿洋,39.594,26.637,10.417
豆沙,染色样本硫化类_何进丰,61,10,12
豆沙,染色样本士林类_何进丰,48,14,15
豆沙,色谱_perchouli,17.416,19.846,10.943
鹅黄,古色之美_青简,89.289,-5.771,60.97
鹅黄,染作江南春水色_金成熺,77.89,-10.8,20.2
鹅黄,中国颜色_黄仁达,77.401,10.484,79.833
鹅黄,DIC中国传统色,68.09,18.638,66.518
鹅黄,国标,80.1,17.8,60.1
妃色,中国传统色彩图鉴_鸿洋,45.643,43.74,33.229
妃色,中国美色_中国国家地理,45.972,63.575,43.967
妃色,DIC中国传统色,77.936,13.662,1.155
妃色,国标,77.7,22.2,6.2
粉红,中国色名综览_凑幸卫,76.0076017730568,24.0204487365848,2.59597375209952
粉红,中国传统色彩图鉴_鸿洋,83.35,14.443,-0.142
粉红,染色样本纳夫妥类_何进丰,60,54,7
粉红,染色样本士林类_何进丰,69,42,4
粉红,色谱_perchouli,80.063,19.577,11.524
粉红,国标,77.8,20.6,1
橄榄灰,中国色名综览_凑幸卫,51.5771800456279,1.90496958785435,11.0594350341278
橄榄灰,敦煌彩绘文物数字化保护色卡制作方法研究_梁金星,32.59,-0.33,3.98
橄榄灰,DIC中国传统色,62.003,-8.686,7.118
橄榄灰,色谱_perchouli,27.623,4.766,15.282
橄榄绿,中国色名综览_凑幸卫,41.2170195477363,-6.6185223625281,41.2218912696676
橄榄绿,人造丝绸缎色谱_何进丰,46,-11,24
橄榄绿,DIC中国传统色,39.92,-6.167,22.421
橄榄绿,色谱_perchouli,35.236,-3.231,36.352
橄榄绿,国标,43.5,-0.9,30.5
绀紫,中国色名综览_凑幸卫,33.6200125568385,25.3951058222188,-7.12617916075102
绀紫,中国传统色彩图鉴_鸿洋,26.858,12.435,-22.343
绀紫,中国美色_中国国家地理,32.087,31.741,-25.033
绀紫,色谱_perchouli,15.677,25.133,-0.841
钴蓝,中国色名综览_凑幸卫,66.5219111384711,-14.7290750046535,-33.798269404858
钴蓝,敦煌彩绘文物数字化保护色卡制作方法研究_梁金星,71.78,-17.97,-6.41
钴蓝,DIC中国传统色,61.197,-3.995,-15.102
钴蓝,色谱_perchouli,57.102,-17.26,-29.627
钴蓝,国标,42.2,-0.6,-46.7
果绿,涤棉色谱_何进丰,66,-37,29
果绿,绞丝染色基本色谱_何进丰,56,-32,32
果绿,染色样本士林类_何进丰,66,-30,13
果绿,DIC中国传统色,73.934,-22.084,23.377
果绿,国标,55.8,-33.7,28.2
海棠红,中国色名综览_凑幸卫,53.0574825177649,60.1512244827651,14.2057371325242
海棠红,中国美色_中国国家地理,51.317,46.973,12.192
海棠红,钧瓷色彩的特征与分类体系研究_王庆斌,45.868128291391,55.0769035272839,38.2668443766742
海棠红,色谱_perchouli,53.892,69.743,29.794
海棠红,国标,45.2,52,19.2
褐色,中国美色_中国国家地理,36.013,8.236,24.323
褐色,古色之美_青简,64.473,28.411,40.918
褐色,中国颜色_黄仁达,36.436,25.969,36.184
褐色,国标,34.2,13.7,15.2
虹蓝,中国色名综览_凑幸卫,54.5837258184733,5.9922952101325,-41.4844056931567
虹蓝,绞丝染色基本色谱_何进丰,61,-10,-30
虹蓝,人造丝绸缎色谱_何进丰,47,-2,-29
虹蓝,色谱_perchouli,48.229,-1.51,-41.24
湖色,中国色名综览_凑幸卫,74.07263347297,-28.8481117908151,24.462809420631
湖色,涤棉色谱_何进丰,61,-31,-4
湖色,中国传统色彩图鉴_鸿洋,69.431,-27.421,-0.922
湖色,绞丝染色基本色谱_何进丰,75,-28,4
湖色,DIC中国传统色,51.397,-12.883,-1.735
湖色,色谱_perchouli,73.009,-33.462,39.093
湖色,国标,65.6,-39.1,-2
琥珀黄,中国色名综览_凑幸卫,84.9248030425883,17.1159393582501,69.5305638631806
琥珀黄,中国传统色彩图鉴_鸿洋,56.92,28.821,43.308
琥珀黄,中国颜色_黄仁达,62.719,14.765,40.748
琥珀黄,色谱_perchouli,79.733,12.612,81.392
花青,中国色名综览_凑幸卫,53.5530178010396,6.10480988267053,-42.5551007024001
花青,中国美色_中国国家地理,24.936,6.029,-26.277
花青,古色之美_青简,42.448,-14.707,-40.929
花青,故宫里的色彩美学_郭浩,16.464,5.145,-21.222
花青,DIC中国传统色,48.923,0.212,-12.407
花青,色谱_perchouli,47.92,-1.084,-41.15
黄,先秦色彩_肖世孟,68,22,68
黄,古色之美_青简,82.776,4.136,85.66
黄,中国颜色_黄仁达,85.668,0.052,52.861
黄,国标,80.4,3.9,89.9
灰蓝,中国色名综览_凑幸卫,41.2168897705776,-5.46767439359593,-7.81314567856377
灰蓝,中国传统色彩图鉴_鸿洋,67.06,-0.613,-15.871
灰蓝,DIC中国传统色,54.757,-6.838,-5.96
灰蓝,色谱_perchouli,21.552,-6.79,-6.489
灰绿,中国色名综览_凑幸卫,54.1372965688001,1.79321166760665,47.2963472755792
灰绿,DIC中国传统色,58.551,-9.896,-0.302
灰绿,色谱_perchouli,46.385,5.158,48.569
灰绿,国标,63.4,-13.8,18.9
茄皮紫,中国色名综览_凑幸卫,30.6942980350561,27.5028715960166,0.775962242471861
茄皮紫,钧瓷色彩的特征与分类体系研究_王庆斌,21.5274595794738,24.6683332927654,5.96370620361205
茄皮紫,DIC中国传统色,33.005,8.55,-0.093
茄皮紫,色谱_perchouli,7.841,17.765,3.314
姜黄,中国色名综览_凑幸卫,81.3480608624257,-4.89097176273622,55.2654110325171
姜黄,中国传统色彩图鉴_鸿洋,77.42,13.955,39.709
姜黄,中国美色_中国国家地理,54.5,5.794,39.542
姜黄,染色样本纳夫妥类_何进丰,77,22,75
姜黄,染色样本士林类_何进丰,77,22,55
姜黄,故宫里的色彩美学_郭浩,79.085,-6.729,52.038
姜黄,DIC中国传统色,58.744,0.42,41.838
姜黄,色谱_perchouli,78.472,-2.017,73.617
姜黄,国标,55,12.5,40.4
豇豆红,中国色名综览_凑幸卫,65.3127476724293,23.7897702521167,0.134153677493209
豇豆红,中国传统色彩图鉴_鸿洋,51.898,51.236,24.613
豇豆红,钧瓷色彩的特征与分类体系研究_王庆斌,50.6927550303836,64.3704358909166,63.0793680037831
豇豆红,色谱_perchouli,73.113,32.598,1.466
酱色,染色样本纳夫妥类_何进丰,25,16,-2
酱色,古色之美_青简,24.438,27.553,16.02
酱色,中国颜色_黄仁达,24.88,5.93,3.477
酱色,DIC中国传统色,37.174,4.854,15.987
酱色,乾隆色谱_刘剑,23,13,7
酱紫,中国色名综览_凑幸卫,30.6947802318639,27.2172964545573,4.48278126038099
酱紫,中国美色_中国国家地理,40.399,21.082,-10.582
酱紫,色谱_perchouli,15.565,28.871,11.54
酱紫,国标,29.4,23.9,4.6
金黄,钧瓷色彩的特征与分类体系研究_王庆斌,86.2244105466388,5.4768179329474,64.7820239356279
金黄,染色样本纳夫妥类_何进丰,57,54,60
金黄,中国颜色_黄仁达,77.584,3.333,73.308
金黄,故宫里的色彩美学_郭浩,53.226,20.758,39.474
金黄,乾隆色谱_刘剑,65,19,71
金黄,色谱_perchouli,64.28,40.615,65.026
金黄,国标,70.3,18.9,52.4
金棕,中国传统色彩图鉴_鸿洋,30.037,42.206,29.268
金棕,古色之美_青简,42.229,32.904,35.629
金棕,中国颜色_黄仁达,42.847,20.866,21.734
金棕,国标,55.4,22,21.1
景泰蓝,中国色名综览_凑幸卫,65.3236715462746,5.77538771046276,-41.5096451114646
景泰蓝,中国色名综览_凑幸卫,51.5665688297759,16.0240100505315,-40.508905316972
景泰蓝,中国美色_中国国家地理,71.745,-25.409,59.9
景泰蓝,中国颜色_黄仁达,33.088,2.703,-47.147
景泰蓝,色谱_perchouli,47.662,-0.423,-40.973
桔红,涤棉色谱_何进丰,60,52,30
桔红,涤棉色谱_何进丰,55,58,40
桔红,绞丝染色基本色谱_何进丰,61,49,37
桔红,染色样本士林类_何进丰,59,16,19
桔红,国标,58.1,53.1,55.9
桔黄,涤棉色谱_何进丰,61,39,44
桔黄,绞丝染色基本色谱_何进丰,66,45,42
桔黄,染色样本士林类_何进丰,68,18,30
桔黄,DIC中国传统色,60.078,26.433,43.627
桔黄,国标,69.1,41.3,52.4
孔雀蓝,中国色名综览_凑幸卫,61.4738003175828,-18.2362712355281,-28.0940124773127
孔雀蓝,中国传统色彩图鉴_鸿洋,60.886,-22.163,-24.273
孔雀蓝,钧瓷色彩的特征与分类体系研究_王庆斌,22.823413655355,8.28899509451583,-30.492560502077
孔雀蓝,绞丝染色基本色谱_何进丰,45,-28,-32
孔雀蓝,人造丝绸缎色谱_何进丰,58,-31,-22
孔雀蓝,中国颜色_黄仁达,25.019,19.084,-38.556
孔雀蓝,故宫里的色彩美学_郭浩,58.583,-8.563,-31.76
孔雀蓝,DIC中国传统色,30.545,31.652,-57.866
孔雀蓝,色谱_perchouli,66.026,-27.972,-23.169
孔雀绿,中国色名综览_凑幸卫,57.559742697748,-39.9052714996353,4.71972035780061
孔雀绿,中国传统色彩图鉴_鸿洋,54.805,-39.55,-10.779
孔雀绿,钧瓷色彩的特征与分类体系研究_王庆斌,41.8912068826173,-26.8964739070308,1.28859491599049
孔雀绿,色谱_perchouli,54.178,-46.14,25.695
枯绿,中国色名综览_凑幸卫,61.6566488013591,1.59661376811154,48.6594477733871
枯绿,中国美色_中国国家地理,67.208,-3.071,24.015
枯绿,人造丝绸缎色谱_何进丰,75,3,53
枯绿,DIC中国传统色,71.385,-7.204,32.513
枯绿,色谱_perchouli,60.925,5.669,62.646
葵黄,中国色名综览_凑幸卫,82.3288124653402,10.1826598689208,79.0697715906623
葵黄,DIC中国传统色,76.704,9.796,38.1
葵黄,乾隆色谱_刘剑,82,-3,65
葵黄,色谱_perchouli,84.122,3.397,83.467
葵黄,国标,71.7,27.8,76.1
蓝翠,中国色名综览_凑幸卫,64.1369879687154,-11.7739995591004,-20.4885547618079
蓝翠,染作江南春水色_金成熺,57.08,-7.13,-20.54
蓝翠,色谱_perchouli,59.872,-25.267,-20.271
蓝翠,国标,56.5,-20.8,-33.4
莲红,中国色名综览_凑幸卫,41.1545994408505,43.4497152438093,9.4207048281564
莲红,染作江南春水色_金成熺,58.67,39.98,12.69
莲红,故宫里的色彩美学_郭浩,71.657,23.966,-1.472
莲红,国标,35,41.1,17.6
绿色,涤棉色谱_何进丰,56,-37,19
绿色,涤棉色谱_何进丰,56,-43,8
绿色,古色之美_青简,53.4,-24.963,-4.745
绿色,中国颜色_黄仁达,58.972,-45.705,42.567
满天星紫,中国色名综览_凑幸卫,41.2058000841814,19.4460857700627,-31.5540625546321
满天星紫,中国美色_中国国家地理,24.774,11.745,-35.867
满天星紫,人造丝绸缎色谱_何进丰,48,15,-26
满天星紫,色谱_perchouli,24.425,23.302,-43.176
玫瑰红,中国色名综览_凑幸卫,51.5434551423629,47.0451812790951,-18.2707322365615
玫瑰红,中国传统色彩图鉴_鸿洋,51.561,67.342,-4.567
玫瑰红,钧瓷色彩的特征与分类体系研究_王庆斌,24.0832377595692,38.1696128198387,20.3105263042852
玫瑰红,中国颜色_黄仁达,35.287,50.491,35.043
玫瑰红,DIC中国传统色,34.237,33.907,6.236
玫瑰红,色谱_perchouli,49.17,65.311,-3.482
玫瑰紫,中国色名综览_凑幸卫,44.1841881107504,51.077450643911,-20.5462639442307
玫瑰紫,钧瓷色彩的特征与分类体系研究_王庆斌,22.0877370070935,6.77673196569561,-4.33163566161071
玫瑰紫,绞丝染色基本色谱_何进丰,31,40,-18
玫瑰紫,人造丝绸缎色谱_何进丰,40,55,-4
玫瑰紫,人造丝绸缎色谱_何进丰,46,41,-3
玫瑰紫,古色之美_青简,46.028,57.843,-3.665
玫瑰紫,色谱_perchouli,44.097,60.649,-10.284
玫瑰紫,国标,32.9,26.7,-17.4
米白,中国传统色彩图鉴_鸿洋,79.251,5.377,71.922
米白,中国美色_中国国家地理,92.568,-0.89,5.192
米白,绞丝染色基本色谱_何进丰,87,4,34
米白,染色样本士林类_何进丰,84,6,25
米白,乾隆色谱_刘剑,70,25,55
米白,色谱_perchouli,90.471,6.119,12.08
米白,国标,90.3,0,7.2
米黄,中国色名综览_凑幸卫,91.0818230414818,6.52712530956667,8.81828685404473
米黄,中国传统色彩图鉴_鸿洋,79.251,5.377,71.922
米黄,中国美色_中国国家地理,92.568,-0.89,5.192
米黄,钧瓷色彩的特征与分类体系研究_王庆斌,65.6112840917506,59.0980727804864,28.6729989979609
米黄,绞丝染色基本色谱_何进丰,87,4,34
米黄,染色样本士林类_何进丰,84,6,25
米黄,国标,90.3,0,7.2
秘色,中国传统色彩图鉴_鸿洋,63.829,-20.998,-7.861
秘色,中国美色_中国国家地理,83.366,-5.501,2.553
秘色,古色之美_青简,63.026,-7.545,3.602
秘色,中国颜色_黄仁达,88.988,-5.889,2.926
蜜黄,中国色名综览_凑幸卫,83.8614893977629,17.7031743133466,37.5435775780033
蜜黄,涤棉色谱_何进丰,89,1,43
蜜黄,色谱_perchouli,79.557,14.294,57.686
蜜黄,国标,87.9,5.3,37.5
明黄,中国传统色彩图鉴_鸿洋,85.854,-5.152,64.889
明黄,中国颜色_黄仁达,88.57,-3.148,72.379
明黄,DIC中国传统色,78.165,0.459,61.132
明黄,乾隆色谱_刘剑,79,1,73
明黄,国标,79.2,11.6,73.4
墨绿,染色样本硫化类_何进丰,27,-7,-6
墨绿,染色样本士林类_何进丰,27,-111,-7
墨绿,DIC中国传统色,35.88,-8.096,3.864
墨绿,国标,38.7,-11.8,6.7
墨色,中国传统色彩图鉴_鸿洋,31.109,-0.66,-3.339
墨色,中国美色_中国国家地理,40.009,-2.646,-9.217
墨色,古色之美_青简,13.927,-1.5,2.124
墨色,中国颜色_黄仁达,20.386,-0.069,-0.12
墨色,乾隆色谱_刘剑,37,1,0
嫩绿,中国色名综览_凑幸卫,61.681228223668,-29.7959889964124,39.1382340191513
嫩绿,涤棉色谱_何进丰,63,-27,31
嫩绿,中国传统色彩图鉴_鸿洋,69.509,-28.502,60.543
嫩绿,染色样本士林类_何进丰,73,-22,11
嫩绿,国标,81,-22.8,48.7
藕荷,中国色名综览_凑幸卫,81.348035379395,17.1780035019836,12.733608783723
藕荷,中国美色_中国国家地理,78.11,10.869,-3.539
藕荷,古色之美_青简,78.792,11.693,-3.461
藕荷,中国颜色_黄仁达,83.718,11.014,13.187
藕荷,色谱_perchouli,81.889,11.886,16.174
蘋婆绿,中国传统色彩图鉴_鸿洋,35.791,-11.557,8.141
蘋婆绿,中国美色_中国国家地理,55.857,-35.794,11.627
蘋婆绿,染色样本纳夫妥类_何进丰,32,-22,-8
蘋婆绿,染色样本士林类_何进丰,38,-41,-7
蘋婆绿,国标,39.4,-30.3,4.3
葡萄紫,中国色名综览_凑幸卫,41.2169858777241,12.4218548437386,-0.0858840910414659
葡萄紫,钧瓷色彩的特征与分类体系研究_王庆斌,20.8037770967609,5.85392489460365,-5.58813737865442
葡萄紫,古色之美_青简,21.528,5.268,-16.331
葡萄紫,色谱_perchouli,18.559,21.846,6.995
葡萄紫,国标,31.8,22.5,-19.3
漆黑,中国传统色彩图鉴_鸿洋,17.426,1.878,-0.923
漆黑,中国美色_中国国家地理,17.34,2.055,-2.624
漆黑,古色之美_青简,11.573,0.574,1.111
漆黑,中国颜色_黄仁达,10.679,3.261,-4.534
浅粉红,涤棉色谱_何进丰,85,33,7
浅粉红,涤棉色谱_何进丰,82,42,10
浅粉红,涤棉色谱_何进丰,76,38,5
浅粉红,染色样本士林类_何进丰,80,18,8
浅湖兰,涤棉色谱_何进丰,86,-7,0
浅湖兰,涤棉色谱_何进丰,84,-10,-4
浅湖兰,涤棉色谱_何进丰,83,-8,-7
浅湖兰,绞丝染色基本色谱_何进丰,82,-15,0
浅灰,涤棉色谱_何进丰,77,1,2
浅灰,涤棉色谱_何进丰,70,0,4
浅灰,涤棉色谱_何进丰,64,1,2
浅灰,涤棉色谱_何进丰,59,-4,-1
浅灰,涤棉色谱_何进丰,50,-5,-4
浅灰,中国传统色彩图鉴_鸿洋,81.432,-1.357,-6.496
浅灰,染色样本士林类_何进丰,65,-1,-4
浅灰,敦煌彩绘文物数字化保护色卡制作方法研究_梁金星,85.47,0.67,1.51
浅灰,色谱_perchouli,85.152,0.494,5.176
浅兰,涤棉色谱_何进丰,73,-8,-18
浅兰,涤棉色谱_何进丰,67,-9,-18
浅兰,涤棉色谱_何进丰,62,-7,-27
浅兰,涤棉色谱_何进丰,55,-2,-29
浅蓝,中国传统色彩图鉴_鸿洋,79.411,-13.428,-18.007
浅蓝,染色样本纳夫妥类_何进丰,46,-5,-30
浅蓝,染色样本士林类_何进丰,51,-5,-29
浅蓝,国标,82.6,-10.4,-17.6
浅雪青,涤棉色谱_何进丰,85,7,-6
浅雪青,涤棉色谱_何进丰,80,11,-12
浅雪青,涤棉色谱_何进丰,65,-13,-19
浅雪青,涤棉色谱_何进丰,61,24,-20
浅雪青,绞丝染色基本色谱_何进丰,67,19,-14
浅雪青,染色样本纳夫妥类_何进丰,51,18,-25
浅血牙,涤棉色谱_何进丰,87,12,28
浅血牙,涤棉色谱_何进丰,82,23,26
浅血牙,涤棉色谱_何进丰,75,36,35
浅血牙,染色样本纳夫妥类_何进丰,67,45,17
浅血牙,DIC中国传统色,83.776,8.927,3.832
茜红,涤棉色谱_何进丰,58,52,16
茜红,中国传统色彩图鉴_鸿洋,44.521,50.375,13.877
茜红,古色之美_青简,59.824,41.763,11.648
茜红,中国颜色_黄仁达,44.726,41.672,31.866
茜红,国标,44.9,41.5,8.7
青,先秦色彩_肖世孟,25,20,-58
青,古色之美_青简,41.612,-20.568,-44.405
青,中国颜色_黄仁达,43.486,7.823,-39.026
青,乾隆色谱_刘剑,16,3,-6
青,国标,71.1,-22.6,-15.4
青翠,中国色名综览_凑幸卫,61.5147908475427,-44.9244660819779,5.55689373341272
青翠,中国传统色彩图鉴_鸿洋,56.969,-49.387,39.147
青翠,钧瓷色彩的特征与分类体系研究_王庆斌,30.982462630985,-31.8445158668644,-4.61580363319545
青翠,古色之美_青简,51.025,-61.288,15.826
青翠,中国颜色_黄仁达,49.505,-24.25,-6.497
青翠,DIC中国传统色,42.67,-20.812,3.127
青翠,色谱_perchouli,58.674,-48.444,23.467
青翠,国标,54.6,-54.8,25.2
青灰色,中国色名综览_凑幸卫,45.0530751456824,4.1640964689773,-18.6099563148002
青灰色,人造丝绸缎色谱_何进丰,48,-2,-7
青灰色,中国颜色_黄仁达,44.224,-1.137,-2.521
青灰色,DIC中国传统色,42.672,-0.352,-1.4
青莲,涤棉色谱_何进丰,49,30,-18
青莲,涤棉色谱_何进丰,41,36,-30
青莲,中国传统色彩图鉴_鸿洋,33.885,33.681,-34.6
青莲,人造丝绸缎色谱_何进丰,41,28,-23
青莲,古色之美_青简,34.343,37.177,-32.719
青莲,中国颜色_黄仁达,53.25,36.546,-14.348
青莲,色谱_perchouli,34.126,50.005,-20.038
青莲,国标,61,13.5,-30.5
秋香色,古色之美_青简,68.019,10.115,44.053
秋香色,中国颜色_黄仁达,69.698,5.423,63.246
秋香色,故宫里的色彩美学_郭浩,65.98,3.243,48.792
秋香色,乾隆色谱_刘剑,52,5,50
秋香色,国标,60.5,9.6,39.4
群青,中国颜色_黄仁达,33.088,2.703,-47.147
群青,中国颜色_黄仁达,28.431,2.76,-38.381
群青,敦煌彩绘文物数字化保护色卡制作方法研究_梁金星,33.69,15.55,-53.33
群青,故宫里的色彩美学_郭浩,38.75,12.531,-46.373
群青,DIC中国传统色,33.179,18.768,-45.099
群青,色谱_perchouli,46.325,-0.83,-41.953
乳白,中国色名综览_凑幸卫,94.4339991355593,4.13189954444126,10.4806727893771
乳白,中国传统色彩图鉴_鸿洋,90.109,0.015,-1.639
乳白,钧瓷色彩的特征与分类体系研究_王庆斌,83.3244700969128,-5.2238977178472,-5.63195464335895
乳白,DIC中国传统色,89.47,-0.723,18.887
乳白,色谱_perchouli,96.001,-2.299,12.164
三绿,中国色名综览_凑幸卫,74.0445736815686,-23.8913043626873,2.0861621510456
三绿,中国传统色彩图鉴_鸿洋,64.05,-34.594,-6.065
三绿,DIC中国传统色,78.325,-18.293,10.342
三绿,色谱_perchouli,76.383,-29.347,8.388
三绿,国标,75.9,-27.8,13.5
上青,绞丝染色基本色谱_何进丰,23,1,-18
上青,人造丝绸缎色谱_何进丰,26,-1,-15
上青,染色样本硫化类_何进丰,24,1,-13
上青,染色样本纳夫妥类_何进丰,23,2,-15
上青,染色样本士林类_何进丰,24,6,-16
深草绿,涤棉色谱_何进丰,40,-13,17
深草绿,涤棉色谱_何进丰,39,-12,14
深草绿,涤棉色谱_何进丰,38,-9,11
深草绿,涤棉色谱_何进丰,38,-8,14
深草绿,涤棉色谱_何进丰,34,-7,12
深草绿,涤棉色谱_何进丰,33,-6,4
深灰,涤棉色谱_何进丰,32,-4,-6
深灰,涤棉色谱_何进丰,33,-3,-12
深灰,涤棉色谱_何进丰,31,1,-10
深灰,涤棉色谱_何进丰,32,0,-11
深灰,涤棉色谱_何进丰,33,8,-5
深灰,染色样本士林类_何进丰,44,-8,0
深灰,色谱_perchouli,50.672,2.201,6.334
深蓝,染色样本士林类_何进丰,30,5,-37
深蓝,DIC中国传统色,30.677,3.071,-17.93
深蓝,乾隆色谱_刘剑,19,3,-13
深蓝,国标,32,-8.6,-22.4
深上青,涤棉色谱_何进丰,30,-2,-18
深上青,涤棉色谱_何进丰,31,-3,15
深上青,涤棉色谱_何进丰,30,-3,-13
深上青,涤棉色谱_何进丰,29,7,-15
深上青,涤棉色谱_何进丰,27,-1,-17
深上青,涤棉色谱_何进丰,28,3,-17
深上青,涤棉色谱_何进丰,25,1,-16
深上青,绞丝染色基本色谱_何进丰,22,0,-13
石黄,中国色名综览_凑幸卫,76.5281840016975,8.5950192069984,21.3776819540065
石黄,敦煌彩绘文物数字化保护色卡制作方法研究_梁金星,80.34,0.96,83.96
石黄,DIC中国传统色,79.406,2.832,59.225
石黄,色谱_perchouli,76.753,5.797,56.675
石黄,国标,80.6,12.5,34
石榴红,中国传统色彩图鉴_鸿洋,47.243,68.75,38.64
石榴红,钧瓷色彩的特征与分类体系研究_王庆斌,22.9301559040449,42.9579620570692,21.9462820031608
石榴红,绞丝染色基本色谱_何进丰,43,51,31
石榴红,中国颜色_黄仁达,47.143,58.643,28.614
石榴红,国标,52.3,52.1,31.5
石绿,中国色名综览_凑幸卫,74.0300630324609,-20.6232935712043,-7.56561599063425
石绿,古色之美_青简,67.776,-28.666,-10.428
石绿,中国颜色_黄仁达,52.163,-21.751,15.347
石绿,敦煌彩绘文物数字化保护色卡制作方法研究_梁金星,39.65,-27.62,10.5
石绿,故宫里的色彩美学_郭浩,39.793,-22.789,-4.238
石绿,色谱_perchouli,72.858,-30.952,-8.882
石绿,国标,70.8,-29.2,8
朱红,中国色名综览_凑幸卫,56.4849961624144,53.9345224078787,55.5341335545692
朱红,中国传统色彩图鉴_鸿洋,57.59,46.744,58.822
朱红,中国颜色_黄仁达,45.032,64.859,25.699
朱红,色谱_perchouli,56.123,58.183,55.407
朱红,国标,51.4,48.3,43.2
水红,中国色名综览_凑幸卫,71.5719794712821,14.0829855394194,-2.48348175259927
水红,中国传统色彩图鉴_鸿洋,77.323,11.408,-7.463
水红,染作江南春水色_金成熺,83,20.03,3.33
水红,故宫里的色彩美学_郭浩,77.719,24.344,-0.05
水红,乾隆色谱_刘剑,68,28,19
水红,色谱_perchouli,83.227,17.365,1.566
松叶牡丹红,中国色名综览_凑幸卫,43.567531457291,48.6438833489072,-3.65597047753469
松叶牡丹红,中国颜色_黄仁达,39.668,53.224,26.671
松叶牡丹红,DIC中国传统色,33.296,53.083,13.346
松叶牡丹红,色谱_perchouli,54.1,68.769,12.035
桃红,中国色名综览_凑幸卫,71.5969677314186,11.3673102273331,-1.1807878852849
桃红,涤棉色谱_何进丰,50,58,12
桃红,中国颜色_黄仁达,60.847,50.55,-6.69
桃红,钧瓷色彩的特征与分类体系研究_王庆斌,42.5416039444869,44.6356868897206,23.3026501275614
桃红,绞丝染色基本色谱_何进丰,70,44,-2
桃红,乾隆色谱_刘剑,47,44,30
桃红,色谱_perchouli,76.651,22.844,16.418
桃红,国标,58.9,41.1,-0.7
藤黄,中国色名综览_凑幸卫,87.7176565535382,-0.372825429342138,84.7681522227716
藤黄,中国传统色彩图鉴_鸿洋,78.667,10.795,72.197
藤黄,中国颜色_黄仁达,74.943,18.118,51.345
藤黄,古色之美_青简,80.316,8.068,77.489
藤黄,DIC中国传统色,88.344,-6.938,49.808
藤黄,色谱_perchouli,85.359,0.83,84.497
藤黄,国标,64.6,14.4,57.4
天蓝,中国色名综览_凑幸卫,51.5209889755212,-0.376096690192173,-43.5523964596465
天蓝,中国传统色彩图鉴_鸿洋,69.856,-22.951,-27.935
天蓝,钧瓷色彩的特征与分类体系研究_王庆斌,43.9445736937156,-4.35409631660671,-28.5341958794518
天蓝,染作江南春水色_金成熺,61.44,-7.07,-18.82
天蓝,色谱_perchouli,47.774,-4.319,-39.079
天蓝,国标,76.3,-9.5,-26.5
天青,钧瓷色彩的特征与分类体系研究_王庆斌,47.73637943554,-13.5358248642596,2.43652096608195
天青,古色之美_青简,50.714,-15.058,-43.802
天青,染作江南春水色_金成熺,43.5,8.53,-7.03
天青,中国颜色_黄仁达,68.633,-24.127,-30.258
天青,国标,66,-18.5,-21.5
铜绿,中国传统色彩图鉴_鸿洋,52.363,-19.127,-2.433
铜绿,中国美色_中国国家地理,67.675,-8.032,10.804
铜绿,中国颜色_黄仁达,66.167,-20.454,0.865
铜绿,色谱_perchouli,63.735,-44.499,11.235
土黄,中国色名综览_凑幸卫,66.4996932023579,6.79961676895163,38.0588800282486
土黄,中国传统色彩图鉴_鸿洋,74.065,8.375,58.14
土黄,中国颜色_黄仁达,67.679,8.317,41.758
土黄,色谱_perchouli,69.133,9.379,67.989
土黄,国标,63.8,17.6,66
驼色,中国传统色彩图鉴_鸿洋,54.458,11.432,18.496
驼色,中国美色_中国国家地理,56.963,16.383,-16.871
驼色,乾隆色谱_刘剑,59,15,28
驼色,色谱_perchouli,32.641,10.263,22.227
驼色,国标,70.7,15.1,15.9
虾青,中国颜色_黄仁达,44.224,-1.137,-2.521
虾青,钧瓷色彩的特征与分类体系研究_王庆斌,58.0744063224937,-18.8361133293845,-5.42113080508164
虾青,绞丝染色基本色谱_何进丰,63,-11,6
虾青,染色样本硫化类_何进丰,63,-1,-6
虾青,国标,60.9,-5.9,-7.9
象牙白,中国美色_中国国家地理,83.197,1.602,19.437
象牙白,中国美色_中国国家地理,93.243,0.909,3.372
象牙白,人造丝绸缎色谱_何进丰,87,3,13
象牙白,色谱_perchouli,99.581,-0.706,2.979
蟹青,中国美色_中国国家地理,76.069,-5.768,-0.774
蟹青,钧瓷色彩的特征与分类体系研究_王庆斌,29.3604481826218,12.9286634181368,-21.8910342324649
蟹青,染色样本硫化类_何进丰,66,-1,10
蟹青,染色样本士林类_何进丰,49,-6,0
蟹青,DIC中国传统色,61.717,-9.914,4.969
蟹青,国标,61,-15.3,-10.3
杏黄,中国色名综览_凑幸卫,76.5075112645748,35.5591948058999,42.308203744716
杏黄,绞丝染色基本色谱_何进丰,88,5,50
杏黄,染色样本硫化类_何进丰,59,10,24
杏黄,染色样本纳夫妥类_何进丰,60,24,28
杏黄,染色样本士林类_何进丰,67,9,25
杏黄,古色之美_青简,65.004,33.254,60.423
杏黄,故宫里的色彩美学_郭浩,57.787,23.38,60.275
杏黄,乾隆色谱_刘剑,73,16,85
杏黄,色谱_perchouli,69.279,34.007,71.631
杏黄,国标,72,35.4,54.8
雄黄,中国色名综览_凑幸卫,74.038654920558,38.4969656828875,48.0336657924708
雄黄,中国传统色彩图鉴_鸿洋,66.64,29.885,68.265
雄黄,中国美色_中国国家地理,71.167,8.571,60.913
雄黄,敦煌彩绘文物数字化保护色卡制作方法研究_梁金星,62.05,58.84,71.32
雄黄,DIC中国传统色,57.48,20.447,39.567
雄黄,色谱_perchouli,72.261,30.165,77.225
雄黄,国标,59.4,30.4,32.3
雪青,中国美色_中国国家地理,65.726,9.123,-22.586
雪青,绞丝染色基本色谱_何进丰,64,21,-13
雪青,染色样本纳夫妥类_何进丰,35,22,-29
雪青,染色样本士林类_何进丰,49,29,-23
雪青,国标,70.9,6.7,-11.7
牙色,中国色名综览_凑幸卫,91.0818671301068,4.76476076001314,24.6996980738112
牙色,中国美色_中国国家地理,83.197,1.602,19.437
牙色,人造丝绸缎色谱_何进丰,70,3,15
牙色,色谱_perchouli,86.4,0.055,35.42
牙色,国标,91.6,5.1,11
芽绿,中国色名综览_凑幸卫,71.5816683307333,-34.6178344358247,47.1969595165837
芽绿,中国美色_中国国家地理,76.629,-16.275,64.121
芽绿,绞丝染色基本色谱_何进丰,73,-9,20
芽绿,色谱_perchouli,73.296,-32.611,52.394
胭脂红,中国色名综览_凑幸卫,56.5306888503855,51.2866170928549,31.9881693065954
胭脂红,中国传统色彩图鉴_鸿洋,43.517,49.919,-6.749
胭脂红,钧瓷色彩的特征与分类体系研究_王庆斌,69.0956104611481,63.3452791830864,32.6078204427508
胭脂红,DIC中国传统色,35.399,31.515,8.536
胭脂红,色谱_perchouli,54.253,65.643,54.898
胭脂红,国标,35.2,43.1,5.7
殷红,中国色名综览_凑幸卫,33.473368989313,34.9138576777483,-4.55798518276273
殷红,中国美色_中国国家地理,38.879,51.526,25.954
殷红,DIC中国传统色,34.576,33.646,7.379
殷红,色谱_perchouli,27.428,46.106,23.922
殷红,国标,38,40.1,22.6
银白,中国色名综览_凑幸卫,91.0817657434691,9.58696356643262,-8.97341184189932
银白,古色之美_青简,90.038,-0.1,-0.851
银白,DIC中国传统色,90.485,0.186,8.287
银白,色谱_perchouli,94.796,-0.193,1.563
银白,国标,84.4,-0.4,-1.1
银白,国标,79,0,-1.4
银红,中国传统色彩图鉴_鸿洋,47.758,52.64,27.398
银红,染作江南春水色_金成熺,77.22,27.75,4.2
银红,故宫里的色彩美学_郭浩,83.932,11.649,-0.718
银红,DIC中国传统色,52.946,31.149,5.618
银红,国标,34.3,28.2,29.4
银色,中国传统色彩图鉴_鸿洋,86.601,1.892,-5.736
银色,中国颜色_黄仁达,87.08,2.416,-6.73
银色,国标,76.9,-0.4,-0.6
银色,国标,76.44,-1.22,-0.88
银鼠灰,中国色名综览_凑幸卫,71.5747446000919,4.67295596761507,16.9341881338221
银鼠灰,中国传统色彩图鉴_鸿洋,63.991,0.239,-4.256
银鼠灰,中国美色_中国国家地理,59.553,0.006,-1.114
银鼠灰,中国颜色_黄仁达,68.828,0.133,-1.728
银鼠灰,DIC中国传统色,54.859,1.115,-5.091
银鼠灰,色谱_perchouli,69.886,-0.36,14.847
银朱,中国色名综览_凑幸卫,53.8412027744825,54.7025445997581,34.3801545242132
银朱,中国美色_中国国家地理,47.749,59.356,32.02
银朱,故宫里的色彩美学_郭浩,45.975,62.972,47.335
银朱,DIC中国传统色,46.546,41.609,16.991
银朱,色谱_perchouli,54.76,66.765,65.183
银朱,国标,46.8,41.5,22.6
鹦哥绿,中国色名综览_凑幸卫,61.6758890911604,-45.4925609435062,-4.6330018712718
鹦哥绿,涤棉色谱_何进丰,58,-32,-11
鹦哥绿,色谱_perchouli,59.185,-42.241,6.393
鹦哥绿,国标,76.4,-36.8,5.5
鹦鹉绿,中国色名综览_凑幸卫,64.1413957308205,-40.7976735131603,58.4884574384893
鹦鹉绿,中国美色_中国国家地理,45.612,-30.869,15.478
鹦鹉绿,中国颜色_黄仁达,35.324,-28.873,10.465
鹦鹉绿,DIC中国传统色,53.293,-29.999,21.531
鹦鹉绿,色谱_perchouli,63.849,-48.01,58.148
油绿,中国色名综览_凑幸卫,45.0260728784615,-10.042624842724,3.15693319816934
油绿,中国传统色彩图鉴_鸿洋,59.784,-44.268,43.949
油绿,染作江南春水色_金成熺,58.03,-0.84,16.2
油绿,DIC中国传统色,39.607,-6.028,4.401
油绿,色谱_perchouli,23.196,-15.453,12.547
油绿,国标,34.4,-6.5,3.9
玉色,中国色名综览_凑幸卫,71.5687434210321,-21.1563763189949,4.43289577226888
玉色,中国美色_中国国家地理,66.278,-32.551,8.494
玉色,染色样本士林类_何进丰,71,-23,2
玉色,古色之美_青简,84.901,-9.777,2.072
玉色,故宫里的色彩美学_郭浩,90.589,-1.162,9.994
玉色,DIC中国传统色,84.397,-10.592,9.183
玉色,色谱_perchouli,64.754,-32.426,12.905
玉色,国标,80.8,-13.6,17.7
元青,中国美色_中国国家地理,27.503,0.426,8.119
元青,人造丝绸缎色谱_何进丰,23,-2,0
元青,DIC中国传统色,29.944,1.051,-0.304
元青,乾隆色谱_刘剑,15,1,0
月白,中国色名综览_凑幸卫,91.0817191575,-6.84498906827751,-6.34258664501716
月白,中国传统色彩图鉴_鸿洋,86.335,-1.485,-4.957
月白,钧瓷色彩的特征与分类体系研究_王庆斌,91.8126664289493,5.0775129837195,9.78341884913438
月白,染作江南春水色_金成熺,70.66,-6.76,-13.43
月白,中国颜色_黄仁达,91.474,-2.952,-6.928
月白,乾隆色谱_刘剑,43,-7,-14
月白,色谱_perchouli,96.455,-3.859,1.367
月白,国标,89.2,-8.6,-2
枣褐,人造丝绸缎色谱_何进丰,43,7,9
枣褐,染色样本纳夫妥类_何进丰,35,10,15
枣褐,染作江南春水色_金成熺,53.32,22.93,6.16
枣褐,故宫里的色彩美学_郭浩,28.529,19.772,26.896
枣褐,色谱_perchouli,29.517,28.188,30.276
枣褐,国标,26.4,9.4,6
枣红,中国色名综览_凑幸卫,33.3955993331162,35.1515946646726,4.38848550577515
枣红,中国传统色彩图鉴_鸿洋,49.488,43.913,33.88
枣红,钧瓷色彩的特征与分类体系研究_王庆斌,26.3424224657423,43.6728548588029,30.2708009657706
枣红,绞丝染色基本色谱_何进丰,42,54,26
枣红,染色样本纳夫妥类_何进丰,27,26,3
枣红,色谱_perchouli,26.908,42.468,20.38
皂,中国传统色彩图鉴_鸿洋,15.632,1.063,-1.98
皂,古色之美_青简,29.425,2.049,1.707
皂,染作江南春水色_金成熺,28.81,1.46,2.35
皂,中国颜色_黄仁达,30.168,4.503,15.536
赭石,中国色名综览_凑幸卫,33.4191881464621,33.4176888689484,14.9551256880183
赭石,涤棉色谱_何进丰,47,8,25
赭石,中国传统色彩图鉴_鸿洋,49.327,18.75,41.11
赭石,中国美色_中国国家地理,40.453,13.532,23.842
赭石,古色之美_青简,33.886,41.825,29.166
赭石,敦煌彩绘文物数字化保护色卡制作方法研究_梁金星,52.05,28.94,32.45
赭石,DIC中国传统色,56.164,18.088,23.942
赭石,色谱_perchouli,30.684,40.058,32.479
赭石,国标,40.1,16.1,19.6
枝绿,中国传统色彩图鉴_鸿洋,87.528,-7.787,15.001
枝绿,染色样本纳夫妥类_何进丰,56,-23,-9
枝绿,染色样本士林类_何进丰,65,-31,-1
枝绿,DIC中国传统色,87.149,-12.494,6.289
枝绿,国标,81.2,-17.4,8.4
栀子黄,中国色名综览_凑幸卫,71.5662642924759,1.18496693529307,62.8194415719723
栀子黄,中国传统色彩图鉴_鸿洋,79.619,10.992,52.996
栀子黄,古色之美_青简,72.449,17.523,72.905
栀子黄,中国颜色_黄仁达,83.539,5.048,57.451
栀子黄,故宫里的色彩美学_郭浩,80.941,8.962,69.767
栀子黄,色谱_perchouli,75.538,9.227,76.839
中绿,染色样本硫化类_何进丰,36,-10,-2
中绿,染色样本纳夫妥类_何进丰,38,23,-9
中绿,染色样本士林类_何进丰,50,-41,-6
中绿,国标,45.5,-28.3,23.9
朱,中国美色_中国国家地理,49.314,64.299,41.904
朱,染色样本纳夫妥类_何进丰,40,56,24
朱,古色之美_青简,54.624,53.563,45.093
朱,染作江南春水色_金成熺,59.19,40.14,12.21
朱,中国颜色_黄仁达,45.032,64.859,25.699
朱,乾隆色谱_刘剑,42,44,31
朱,国标,44.2,54.8,35.8
砖褐,染色样本纳夫妥类_何进丰,41,17,17
砖褐,染作江南春水色_金成熺,37.36,1.46,2.93
砖褐,故宫里的色彩美学_郭浩,37.763,13.508,20.127
砖褐,色谱_perchouli,21.112,28.051,18.446
砖褐,国标,36.6,11.7,19.3
祖母绿,钧瓷色彩的特征与分类体系研究_王庆斌,50.8817656564159,-45.3274853516708,60.6685134886039
祖母绿,绞丝染色基本色谱_何进丰,55,-38,3
祖母绿,中国颜色_黄仁达,40.197,-23.485,3.453
祖母绿,国标,51.3,-46.8,12.1